{
  "metrics": {
    "load_report.read_bytes": [
      2.09808349609375e-05,
      2.8371810913085938e-05,
      3.2901763916015625e-05,
      2.6702880859375e-05,
      1.9788742065429688e-05,
      2.1457672119140625e-05,
      0.00015735626220703125,
      0.0035560131072998047,
      2.0503997802734375e-05,
      1.8358230590820312e-05,
      1.9550323486328125e-05,
      1.9550323486328125e-05,
      2.8848648071289062e-05,
      2.09808349609375e-05,
      2.9802322387695312e-05,
      2.7179718017578125e-05,
      2.4318695068359375e-05,
      2.9325485229492188e-05,
      3.2901763916015625e-05,
      2.3126602172851562e-05,
      4.696846008300781e-05
    ],
    "load_report.json_parse": [
      1.3828277587890625e-05,
      1.4543533325195312e-05,
      2.5987625122070312e-05,
      1.6689300537109375e-05,
      9.298324584960938e-06,
      1.5735626220703125e-05,
      3.218650817871094e-05,
      1.4543533325195312e-05,
      1.0967254638671875e-05,
      1.3589859008789062e-05,
      1.9311904907226562e-05,
      1.33514404296875e-05,
      1.33514404296875e-05,
      2.765655517578125e-05,
      4.029273986816406e-05,
      4.649162292480469e-05,
      5.91278076171875e-05,
      1.239776611328125e-05,
      3.981590270996094e-05
    ],
    "load_report.validate": [
      4.124641418457031e-05,
      2.4557113647460938e-05,
      5.626678466796875e-05,
      2.1457672119140625e-05,
      1.4543533325195312e-05,
      2.8848648071289062e-05,
      3.981590270996094e-05,
      2.0742416381835938e-05,
      1.5020370483398438e-05,
      3.123283386230469e-05,
      4.839897155761719e-05,
      2.5272369384765625e-05,
      2.8848648071289062e-05,
      6.818771362304688e-05,
      7.939338684082031e-05,
      9.012222290039062e-05,
      0.00010991096496582031,
      2.5272369384765625e-05,
      4.982948303222656e-05
    ],
    "augment.iter_findings": [
      3.170967102050781e-05,
      3.647804260253906e-05,
      2.956390380859375e-05,
      2.2411346435546875e-05,
      1.8358230590820312e-05,
      1.0251998901367188e-05,
      3.147125244140625e-05,
      3.24249267578125e-05,
      2.4557113647460938e-05,
      3.0279159545898438e-05,
      7.2479248046875e-05,
      9.918212890625e-05,
      0.00012183189392089844,
      0.0001373291015625,
      1.1920928955078125e-05,
      2.8848648071289062e-05
    ],
    "augment.risk_recompute_initial": [
      1.6689300537109375e-06,
      1.1920928955078125e-06,
      7.152557373046875e-07,
      9.5367431640625e-07,
      7.152557373046875e-07,
      4.76837158203125e-07,
      4.76837158203125e-07,
      7.152557373046875e-07,
      7.152557373046875e-07,
      9.5367431640625e-07,
      9.5367431640625e-07,
      1.430511474609375e-06,
      1.430511474609375e-06,
      1.9073486328125e-06,
      9.5367431640625e-07,
      1.9073486328125e-06
    ],
    "knowledge.enrichment": [
      2.4557113647460938e-05,
      2.574920654296875e-05,
      0.00075531005859375,
      2.3126602172851562e-05,
      1.6450881958007812e-05,
      2.09808349609375e-05,
      2.47955322265625e-05,
      2.9087066650390625e-05,
      4.00543212890625e-05,
      2.384185791015625e-05,
      2.193450927734375e-05,
      3.314018249511719e-05,
      5.6743621826171875e-05,
      5.435943603515625e-05,
      4.982948303222656e-05,
      1.9550323486328125e-05,
      3.266334533691406e-05
    ],
    "correlate.apply_rules": [
      3.9577484130859375e-05,
      5.245208740234375e-06,
      2.47955322265625e-05,
      4.291534423828125e-06,
      3.814697265625e-06,
      1.1682510375976562e-05,
      7.867813110351562e-06,
      1.52587890625e-05,
      2.288818359375e-05,
      1.7404556274414062e-05,
      1.5735626220703125e-05,
      4.315376281738281e-05,
      9.202957153320312e-05,
      6.961822509765625e-05,
      0.00011944770812988281,
      1.049041748046875e-05,
      1.4543533325195312e-05
    ],
    "correlate.rules_loaded": 34,
    "correlate.correlations": 0,
    "summarize.llm": [
      0.0001652240753173828,
      9.870529174804688e-05,
      0.00013899803161621094,
      5.745887756347656e-05,
      8.726119995117188e-05,
      0.00013113021850585938,
      3.6716461181640625e-05,
      0.00015687942504882812,
      0.0001690387725830078,
      4.2438507080078125e-05,
      5.7697296142578125e-05,
      0.00019288063049316406,
      0.00018262863159179688,
      0.00025773048400878906,
      0.00022983551025390625,
      9.799003601074219e-05,
      5.030632019042969e-05
    ],
    "reduce.reduce_all": [
      0.000240325927734375,
      4.172325134277344e-05,
      9.655952453613281e-05,
      4.9114227294921875e-05,
      5.1975250244140625e-05,
      5.4836273193359375e-05,
      6.103515625e-05,
      8.296966552734375e-05,
      9.846687316894531e-05,
      5.507469177246094e-05,
      7.772445678710938e-05,
      0.00013303756713867188,
      0.00016641616821289062,
      9.298324584960938e-05,
      5.6743621826171875e-05
    ],
    "actions.build": [
      2.6226043701171875e-06,
      9.5367431640625e-07,
      1.9073486328125e-06,
      1.430511474609375e-06,
      7.152557373046875e-07,
      7.152557373046875e-07,
      9.5367431640625e-07,
      1.1920928955078125e-06,
      7.152557373046875e-07,
      9.5367431640625e-07,
      1.1920928955078125e-06,
      1.430511474609375e-06,
      9.5367431640625e-07,
      1.1920928955078125e-06
    ],
    "actions.count": 0,
    "graph.annotate": [
      1.8596649169921875e-05,
      6.4373016357421875e-06,
      1.4066696166992188e-05,
      5.4836273193359375e-06,
      1.3113021850585938e-05,
      8.58306884765625e-06,
      5.9604644775390625e-06,
      9.059906005859375e-06,
      8.344650268554688e-06,
      9.5367431640625e-06,
      1.4066696166992188e-05,
      9.5367431640625e-06,
      1.049041748046875e-05,
      5.4836273193359375e-06
    ]
  },
  "timestamp": 1757887132.294847,
  "total_stages": 14,
  "baseline_regressions": [],
  "baseline_threshold_pct": 30.0
}